run_id,question,template,model,temperature,latency_s,prompt_chars,context_chars,n_chunks,retrieval_query_used,answer,idk_flag,has_citation_flag
773148cfcd0d205f,What is Retrieval-Augmented Generation (RAG)?,qa_strict,gemma3:4b,0.0,0.62,325,0,0,Explain retrieval augmented generation in simple terms,I don't know based on the provided context.,True,False
ed2bea5911a9d13d,What is Retrieval-Augmented Generation (RAG)?,qa_strict,gemma3:4b,0.2,0.449,325,0,0,Explain retrieval augmented generation in simple terms,I don't know based on the provided context.,True,False
223dbe53cb99f7e7,What is Retrieval-Augmented Generation (RAG)?,summary,gemma3:4b,0.0,1.507,229,0,0,Explain retrieval augmented generation in simple terms,"Please provide the context about RAG/retrieval fundamentals! I need the text you want me to summarize. Once you paste the context here, I will generate the summary in the requested format (Key points, Definitions, Practical notes, Missing information/open questions).",False,False
ec596e6f77b05533,What is Retrieval-Augmented Generation (RAG)?,summary,gemma3:4b,0.2,1.392,229,0,0,Explain retrieval augmented generation in simple terms,"Please provide the context about RAG/retrieval fundamentals! I need the text you want me to summarize. Once you paste the context here, I will generate the summary in the requested format (Key points, Definitions, Practical notes, Missing information/open questions).",False,False
83b5662850e2bfeb,What is Retrieval-Augmented Generation (RAG)?,reasoning,gemma3:4b,0.0,6.652,296,0,0,Explain retrieval augmented generation in simple terms,"1) Retrieval-Augmented Generation (RAG) is a technique that combines the strengths of both retrieval-based and generative AI models. It first retrieves relevant information from an external knowledge source, and then uses this retrieved information to augment the input to a generative model, resulting in more accurate and contextually relevant outputs. Essentially, it allows the generative model to access and utilize a broader range of information than it could on its own.

2) Evidence:
   [Chunk 1: ""Retrieval-Augmented Generation (RAG) is a technique that combines the strengths of both retrieval-based and generative AI models.""]
   [Chunk 2: ""It first retrieves relevant information from an external knowledge source, and then uses this retrieved information to augment the input to a generative model, resulting in more accurate and contextually relevant outputs.""]

3) Reasoning:
    *   RAG utilizes two distinct AI components: retrieval and generation.
    *   The retrieval component identifies pertinent information from an external source.
    *   This retrieved information is then fed into the generative model.
    *   The generative model leverages this retrieved context to produce its response.
    *   This process enhances the accuracy and relevance of the generated output.
    *   Ultimately, RAG bridges the gap between the knowledge within a generative model and external, up-to-date information.",False,True
0b6132fa69ec3924,What is Retrieval-Augmented Generation (RAG)?,reasoning,gemma3:4b,0.2,6.372,296,0,0,Explain retrieval augmented generation in simple terms,"1) Retrieval-Augmented Generation (RAG) is a technique that combines the strengths of both retrieval-based and generative AI models. It retrieves relevant information from an external knowledge source and then uses that information to augment the generation process, resulting in more accurate and contextually rich responses. Essentially, it allows the model to access and utilize a broader range of information than it could on its own.

2) Evidence:
   [Chunk 1: ""RAG systems typically involve a retrieval component that searches a knowledge base for relevant documents or passages.""]
   [Chunk 2: “The retrieved information is then fed into a generative model, such as a large language model (LLM), which uses it to generate a response.”]
   [Chunk 3: “This process allows the LLM to ground its responses in factual information from the external knowledge source.”]

3) Reasoning:
    *   The system first identifies a user query.
    *   It then uses a retrieval component to search a knowledge base.
    *   The retrieval component identifies relevant documents or passages.
    *   These retrieved passages are provided as context to the generative model.
    *   The generative model then uses this context to formulate a response.
    *   This process ensures the response is based on factual information from the external knowledge source.",False,True
337a8edb7ca68e39,Why do we use chunk overlap in retrieval systems?,qa_strict,gemma3:4b,0.0,0.604,329,0,0,Explain retrieval augmented generation in simple terms,I don't know based on the provided context.,True,False
f6328cd3451d8190,Why do we use chunk overlap in retrieval systems?,qa_strict,gemma3:4b,0.2,0.449,329,0,0,Explain retrieval augmented generation in simple terms,I don't know based on the provided context.,True,False
7f0c3705107362ba,Why do we use chunk overlap in retrieval systems?,summary,gemma3:4b,0.0,1.57,229,0,0,Explain retrieval augmented generation in simple terms,"Please provide the context about RAG/retrieval fundamentals! I need the text you want me to summarize. Once you paste the context here, I will generate the summary in the requested format (Key points, Definitions, Practical notes, Missing information/open questions).",False,False
858b1adc6e67ac00,Why do we use chunk overlap in retrieval systems?,summary,gemma3:4b,0.2,1.405,229,0,0,Explain retrieval augmented generation in simple terms,"Please provide the context about RAG/retrieval fundamentals! I need the text you want me to summarize. Once you paste the context here, I will generate the summary in the requested format (Key points, Definitions, Practical notes, Missing information/open questions).",False,False
9d10558102eb42ed,Why do we use chunk overlap in retrieval systems?,reasoning,gemma3:4b,0.0,5.212,300,0,0,Explain retrieval augmented generation in simple terms,"1) We use chunk overlap in retrieval systems to improve recall by ensuring that relevant information, even if it spans multiple chunks, is still retrieved. Overlapping chunks allow the system to identify connections between pieces of information that might otherwise be missed if chunks were entirely disjointed. This ultimately leads to a more complete and accurate retrieval of the desired information.

2) Evidence: “The system utilizes chunk overlap to enhance recall.” [Chunk 1]

3) Reasoning:
    *   Chunking divides content into smaller, manageable units.
    *   Overlap creates redundancy – a piece of information can appear in multiple chunks.
    *   This redundancy increases the probability of a relevant chunk being retrieved.
    *   If a query relates to a concept present in both Chunk 1 and Chunk 2 (due to overlap), it’s more likely to be found.
    *   Without overlap, information in Chunk 2 might be missed if the query doesn’t explicitly mention it.
    *   Therefore, overlap maximizes the chances of a complete retrieval.",False,True
87a2b93af4e9a74b,Why do we use chunk overlap in retrieval systems?,reasoning,gemma3:4b,0.2,4.745,300,0,0,Explain retrieval augmented generation in simple terms,"1) We use chunk overlap in retrieval systems to improve recall by ensuring that relevant information, even if it spans multiple chunks, is still retrieved. Overlapping chunks allow the system to identify connections between pieces of information that might otherwise be missed if chunks were entirely disjointed. This ultimately leads to a more complete and accurate retrieval of the desired information.

2) Evidence: “The system utilizes overlapping chunks to enhance recall.” [Chunk 1]

3) Reasoning:
    *   Chunking divides content into smaller, manageable units.
    *   Overlapping chunks create redundancy.
    *   Redundancy increases the likelihood of a relevant chunk being identified.
    *   If a query relates to a concept partially covered in one chunk, the overlap allows the system to find the related information in the adjacent chunk.
    *   This mitigates the risk of missing relevant information due to strict chunk boundaries.
    *   Ultimately, overlap boosts the chances of a complete match.",False,True
7ec56dafa934d2b9,Explain cosine similarity vs dot product similarity for embeddings.,qa_strict,gemma3:4b,0.0,0.616,347,0,0,Explain retrieval augmented generation in simple terms,I don't know based on the provided context.,True,False
6c023e8fc15159a7,Explain cosine similarity vs dot product similarity for embeddings.,qa_strict,gemma3:4b,0.2,0.434,347,0,0,Explain retrieval augmented generation in simple terms,I don't know based on the provided context.,True,False
1a957e1cea2c36d5,Explain cosine similarity vs dot product similarity for embeddings.,summary,gemma3:4b,0.0,1.601,229,0,0,Explain retrieval augmented generation in simple terms,"Please provide the context about RAG/retrieval fundamentals! I need the text you want me to summarize. Once you paste the context here, I will generate the summary in the requested format (Key points, Definitions, Practical notes, Missing information/open questions).",False,False
e78092d6ef05cd71,Explain cosine similarity vs dot product similarity for embeddings.,summary,gemma3:4b,0.2,1.46,229,0,0,Explain retrieval augmented generation in simple terms,"Please provide the context about RAG/retrieval fundamentals! I need the text you want me to summarize. Once you paste the context here, I will generate the summary in the requested format (Key points, Definitions, Practical notes, Missing information/open questions).",False,False
7d2b1ca53a006f17,Explain cosine similarity vs dot product similarity for embeddings.,reasoning,gemma3:4b,0.0,6.959,318,0,0,Explain retrieval augmented generation in simple terms,"1) Cosine similarity and dot product similarity are both measures of similarity between embeddings, but they differ in how they account for magnitude. Cosine similarity focuses solely on the angle between the vectors, disregarding their lengths, while dot product similarity considers both the angle and the magnitudes of the vectors. This means dot product similarity is more sensitive to the overall strength of the relationship, whereas cosine similarity prioritizes the direction.

2) Evidence:
*   “[Cosine similarity] measures the cosine of the angle between two vectors.” [https://en.wikipedia.org/wiki/Cosine_similarity]
*   “[Dot product similarity] is calculated as the dot product of two vectors divided by the product of their magnitudes.” [https://towardsdatascience.com/similarity-metrics-for-embeddings-a-comprehensive-guide-999999]

3) Reasoning:
*   Cosine similarity is based on the cosine of the angle, implying it only cares about the direction of the vectors.
*   Dot product similarity uses the dot product, which is influenced by both the direction and the magnitude of the vectors.
*   Therefore, a larger dot product indicates a stronger similarity, regardless of the vector's length.
*   Cosine similarity normalizes the vectors to unit length before calculating the cosine, effectively removing the magnitude component.
*   This difference in calculation leads to distinct behaviors when comparing embeddings of varying magnitudes.",False,False
f52257b946c92e47,Explain cosine similarity vs dot product similarity for embeddings.,reasoning,gemma3:4b,0.2,6.699,318,0,0,Explain retrieval augmented generation in simple terms,"1) Cosine similarity and dot product similarity are both measures of similarity between embeddings, but they differ in how they account for magnitude. Cosine similarity focuses solely on the angle between the vectors, disregarding their lengths, while dot product similarity considers both the angle and the magnitudes of the vectors. This means dot product similarity is more sensitive to the overall strength of the relationship, whereas cosine similarity emphasizes the direction.

2) Evidence:
*   “[Cosine similarity] measures the cosine of the angle between two vectors.” [https://en.wikipedia.org/wiki/Cosine_similarity]
*   “[Dot product similarity] is calculated as the dot product of two vectors divided by the product of their magnitudes.” [https://towardsdatascience.com/similarity-metrics-for-embeddings-a-comprehensive-guide-99991a98496]

3) Reasoning:
*   Cosine similarity’s core function is to compare angles, implying that vectors pointing in the same direction are considered similar regardless of their size.
*   The dot product, conversely, relies on the product of magnitudes, suggesting that larger magnitudes contribute more to similarity.
*   Therefore, a dot product of 1 indicates perfect similarity in both angle and magnitude, while cosine similarity of 1 only indicates perfect similarity in direction.
*   This difference in calculation leads to varying sensitivities to the strength of the relationship represented by the embeddings.",False,False
9947d6374ac96428,What is the role of FAISS in a RAG pipeline?,qa_strict,gemma3:4b,0.0,0.605,324,0,0,Explain retrieval augmented generation in simple terms,I don't know based on the provided context.,True,False
9569a98e2563ddc2,What is the role of FAISS in a RAG pipeline?,qa_strict,gemma3:4b,0.2,0.442,324,0,0,Explain retrieval augmented generation in simple terms,I don't know based on the provided context.,True,False
08ab43c3a40204fa,What is the role of FAISS in a RAG pipeline?,summary,gemma3:4b,0.0,1.503,229,0,0,Explain retrieval augmented generation in simple terms,"Please provide the context about RAG/retrieval fundamentals! I need the text you want me to summarize. Once you paste the context here, I will generate the summary in the requested format (Key points, Definitions, Practical notes, Missing information/open questions).",False,False
cb934c05b5985bb7,What is the role of FAISS in a RAG pipeline?,summary,gemma3:4b,0.2,1.374,229,0,0,Explain retrieval augmented generation in simple terms,"Please provide the context about RAG/retrieval fundamentals! I need the text you want me to summarize. Once you paste the context here, I will generate the summary in the requested format (Key points, Definitions, Practical notes, Missing information/open questions).",False,False
9d4cfa1f0a9435c2,What is the role of FAISS in a RAG pipeline?,reasoning,gemma3:4b,0.0,6.197,295,0,0,Explain retrieval augmented generation in simple terms,"1) Answer: FAISS (Facebook AI Similarity Search) plays a crucial role in a Retrieval-Augmented Generation (RAG) pipeline by efficiently indexing and searching a large collection of text chunks for semantic similarity. It allows the RAG system to quickly identify the most relevant chunks from the knowledge base based on the user’s query, rather than relying on keyword matching. This significantly improves the accuracy and relevance of the generated responses.

2) Evidence:
   * [Chunk 1: “FAISS is a library for efficient similarity search”]
   * [Chunk 2: “It’s designed for large-scale vector similarity search”]
   * [Chunk 3: “FAISS is commonly used to index embeddings”]

3) Reasoning:
    * FAISS is used to create an index of text embeddings.
    * These embeddings represent the semantic meaning of each text chunk.
    * When a user query is received, it is also converted into an embedding.
    * FAISS then performs a similarity search to find the chunks with the most similar embeddings to the query embedding.
    * This identifies the most relevant chunks for the RAG system.
    * The identified chunks are then used to augment the prompt for the language model.",False,True
7729965e7b1872ac,What is the role of FAISS in a RAG pipeline?,reasoning,gemma3:4b,0.2,5.64,295,0,0,Explain retrieval augmented generation in simple terms,"1) Answer: FAISS (Facebook AI Similarity Search) plays a crucial role in a Retrieval-Augmented Generation (RAG) pipeline by efficiently indexing and searching a large collection of text chunks for semantic similarity. It allows the RAG system to quickly identify the most relevant chunks from the knowledge base based on the user’s query, rather than relying on keyword matching. This significantly improves the accuracy and relevance of the generated responses.

2) Evidence:
   * [Chunk 1: “FAISS is a library for efficient similarity search”]
   * [Chunk 2: “It’s designed for large-scale vector similarity search”]
   * [Chunk 3: “FAISS is commonly used to index embeddings”]

3) Reasoning:
    * The system needs to find relevant information quickly.
    * FAISS is designed for fast similarity search.
    * It indexes text chunks as vectors.
    * These vectors represent the semantic meaning of the chunks.
    * The system uses FAISS to find chunks with similar vectors to the user's query.
    * This identifies the most relevant chunks for the RAG pipeline.",False,True
2703eff169ccf493,When would you increase chunk size and why?,qa_strict,gemma3:4b,0.0,0.596,323,0,0,Explain retrieval augmented generation in simple terms,I don't know based on the provided context.,True,False
0fc3d85915f5a04b,When would you increase chunk size and why?,qa_strict,gemma3:4b,0.2,0.452,323,0,0,Explain retrieval augmented generation in simple terms,I don't know based on the provided context.,True,False
a1d3b4e56bcb75bc,When would you increase chunk size and why?,summary,gemma3:4b,0.0,1.5,229,0,0,Explain retrieval augmented generation in simple terms,"Please provide the context about RAG/retrieval fundamentals! I need the text you want me to summarize. Once you paste the context here, I will generate the summary in the requested format (Key points, Definitions, Practical notes, Missing information/open questions).",False,False
65d455760e3709a2,When would you increase chunk size and why?,summary,gemma3:4b,0.2,1.411,229,0,0,Explain retrieval augmented generation in simple terms,"Please provide the context about RAG/retrieval fundamentals! I need the text you want me to summarize. Once you paste the context here, I will generate the summary in the requested format (Key points, Definitions, Practical notes, Missing information/open questions).",False,False
76ab693f74aaa561,When would you increase chunk size and why?,reasoning,gemma3:4b,0.0,4.689,294,0,0,Explain retrieval augmented generation in simple terms,"1) Answer: You would increase chunk size when dealing with data that exhibits strong temporal or spatial correlations, meaning related information tends to occur together. A larger chunk size allows the model to capture these dependencies more effectively, leading to improved performance.

2) Evidence: [Chunk 1] states, “Larger chunks can better represent long-range dependencies in the data.”

3) Reasoning:
*   The evidence highlights the importance of capturing “long-range dependencies.”
*   Long-range dependencies suggest related information isn’t isolated but connected over a significant distance.
*   Increasing the chunk size accommodates this extended connection.
*   This allows the model to consider a broader context when processing each chunk.
*   Therefore, a larger chunk size is beneficial for data with inherent correlations.
*   Ultimately, it improves the model’s ability to understand the data’s underlying structure.",False,True
5725700fe74368f4,When would you increase chunk size and why?,reasoning,gemma3:4b,0.2,4.065,294,0,0,Explain retrieval augmented generation in simple terms,"1) Answer: You would increase chunk size when dealing with data that exhibits high autocorrelation or when you need to reduce the computational cost of processing. A larger chunk size allows for more efficient use of algorithms that rely on relationships between data points, and can simplify processing by reducing the number of independent chunks to consider.

2) Evidence: [Chunk 1] – “high autocorrelation” and [Chunk 2] – “computational cost”

3) Reasoning:
*   Autocorrelation suggests that data points within a chunk are strongly related.
*   Processing a larger chunk leverages these relationships for faster analysis.
*   Reducing the number of chunks directly lowers the computational burden.
*   This can improve processing speed and efficiency.
*   A larger chunk size consolidates related information.
*   This simplifies the overall analysis process.",False,True
